model,roc_auc,pr_auc
Logistic,0.9485140258356433,0.4602560116957304
RandomForest,0.893352688188648,0.39203094807851946
